arabertv02-ce-word-s1|aubmindlab/bert-base-arabertv02|ce|word|1|2e-5|0.0
arabertv02-ce-word-s2|aubmindlab/bert-base-arabertv02|ce|word|2|2e-5|0.0
arabertv02-ce-word-s3|aubmindlab/bert-base-arabertv02|ce|word|3|2e-5|0.0
arabertv02-ce-word-s4|aubmindlab/bert-base-arabertv02|ce|word|4|2e-5|0.0
arabertv02-ce-word-s5|aubmindlab/bert-base-arabertv02|ce|word|5|2e-5|0.0
camelbert-ce-word-s1|CAMeL-Lab/bert-base-arabic-camelbert-msa|ce|word|1|2e-5|0.0
camelbert-ce-word-s2|CAMeL-Lab/bert-base-arabic-camelbert-msa|ce|word|2|2e-5|0.0
camelbert-ce-word-s3|CAMeL-Lab/bert-base-arabic-camelbert-msa|ce|word|3|2e-5|0.0
camelbert-ce-word-s4|CAMeL-Lab/bert-base-arabic-camelbert-msa|ce|word|4|2e-5|0.0
camelbert-ce-word-s5|CAMeL-Lab/bert-base-arabic-camelbert-msa|ce|word|5|2e-5|0.0
qarib-ce-raw-s1|ahmedabdelali/bert-base-qarib|ce|raw|1|2e-5|0.0
qarib-ce-raw-s2|ahmedabdelali/bert-base-qarib|ce|raw|2|2e-5|0.0
qarib-ce-raw-s3|ahmedabdelali/bert-base-qarib|ce|raw|3|2e-5|0.0
qarib-ce-raw-s4|ahmedabdelali/bert-base-qarib|ce|raw|4|2e-5|0.0
qarib-ce-raw-s5|ahmedabdelali/bert-base-qarib|ce|raw|5|2e-5|0.0
arabertv2-reg-d3tok-s1|aubmindlab/bert-base-arabertv2|reg|d3tok|1|2e-5|0.0
arabertv2-reg-d3tok-s2|aubmindlab/bert-base-arabertv2|reg|d3tok|2|2e-5|0.0
arabertv2-reg-d3tok-s3|aubmindlab/bert-base-arabertv2|reg|d3tok|3|2e-5|0.0
arabertv2-reg-d3tok-s4|aubmindlab/bert-base-arabertv2|reg|d3tok|4|2e-5|0.0
arabertv2-reg-d3tok-s5|aubmindlab/bert-base-arabertv2|reg|d3tok|5|2e-5|0.0
arabertv02-reg-word-s42|aubmindlab/bert-base-arabertv02|reg|word|42|2e-5|0.0
arabertv02-corn-word-s42|aubmindlab/bert-base-arabertv02|corn|word|42|2e-5|0.0
arabertv02-soft-word-s42|aubmindlab/bert-base-arabertv02|soft|word|42|2e-5|0.0
arabertv02-focal-word-s42|aubmindlab/bert-base-arabertv02|focal|word|42|2e-5|0.0
camelbert-reg-word-s42|CAMeL-Lab/bert-base-arabic-camelbert-msa|reg|word|42|2e-5|0.0
camelbert-corn-word-s42|CAMeL-Lab/bert-base-arabic-camelbert-msa|corn|word|42|2e-5|0.0
qarib-reg-raw-s42|ahmedabdelali/bert-base-qarib|reg|raw|42|2e-5|0.0
arabertv2-ce-d3tok-s42|aubmindlab/bert-base-arabertv2|ce|d3tok|42|2e-5|0.0
alarge02-reg-word-s42|aubmindlab/bert-large-arabertv02|reg|word|42|1e-5|0.06
alarge02-ce-word-s42|aubmindlab/bert-large-arabertv02|ce|word|42|1e-5|0.06
alarge02-corn-word-s42|aubmindlab/bert-large-arabertv02|corn|word|42|1e-5|0.06
alarge02-soft-word-s42|aubmindlab/bert-large-arabertv02|soft|word|42|1e-5|0.06
alarge02-focal-word-s42|aubmindlab/bert-large-arabertv02|focal|word|42|1e-5|0.06
alarge2-reg-d3tok-s42|aubmindlab/bert-large-arabertv2|reg|d3tok|42|1e-5|0.06
alarge2-ce-d3tok-s42|aubmindlab/bert-large-arabertv2|ce|d3tok|42|1e-5|0.06
arbertv2-reg-word-s42|UBC-NLP/ARBERTv2|reg|word|42|2e-5|0.0
arbertv2-ce-word-s42|UBC-NLP/ARBERTv2|ce|word|42|2e-5|0.0
arbertv2-corn-word-s42|UBC-NLP/ARBERTv2|corn|word|42|2e-5|0.0
camelca-reg-word-s42|CAMeL-Lab/bert-base-arabic-camelbert-ca|reg|word|42|2e-5|0.0
camelca-ce-word-s42|CAMeL-Lab/bert-base-arabic-camelbert-ca|ce|word|42|2e-5|0.0
qarib60-ce-raw-s42|ahmedabdelali/bert-base-qarib60_1970k|ce|raw|42|2e-5|0.0
qarib60-reg-raw-s42|ahmedabdelali/bert-base-qarib60_1970k|reg|raw|42|2e-5|0.0
xlmrL-reg-raw-s42|FacebookAI/xlm-roberta-large|reg|raw|42|1e-5|0.06
xlmrL-ce-raw-s42|FacebookAI/xlm-roberta-large|ce|raw|42|1e-5|0.06
marbert-ce-raw-s42|UBC-NLP/MARBERTv2|ce|raw|42|2e-5|0.0
marbert-corn-raw-s42|UBC-NLP/MARBERTv2|corn|raw|42|2e-5|0.0
araelectra-reg-word-s42|aubmindlab/araelectra-base-discriminator|reg|word|42|2e-5|0.0
araelectra-ce-word-s42|aubmindlab/araelectra-base-discriminator|ce|word|42|2e-5|0.0
mdeberta-reg-raw-s42|microsoft/mdeberta-v3-base|reg|raw|42|2e-5|0.0
mdeberta-ce-raw-s42|microsoft/mdeberta-v3-base|ce|raw|42|2e-5|0.0
alarge02-reg-word-s1|aubmindlab/bert-large-arabertv02|reg|word|1|1e-5|0.06
alarge02-reg-word-s2|aubmindlab/bert-large-arabertv02|reg|word|2|1e-5|0.06
alarge02-reg-word-s3|aubmindlab/bert-large-arabertv02|reg|word|3|1e-5|0.06
alarge02-reg-word-s4|aubmindlab/bert-large-arabertv02|reg|word|4|1e-5|0.06
araelectra-reg-word-s1|aubmindlab/araelectra-base-discriminator|reg|word|1|2e-5|0.0
araelectra-reg-word-s2|aubmindlab/araelectra-base-discriminator|reg|word|2|2e-5|0.0
araelectra-reg-word-s3|aubmindlab/araelectra-base-discriminator|reg|word|3|2e-5|0.0
araelectra-reg-word-s4|aubmindlab/araelectra-base-discriminator|reg|word|4|2e-5|0.0
camelbert-reg-word-s1|CAMeL-Lab/bert-base-arabic-camelbert-msa|reg|word|1|2e-5|0.0
camelbert-reg-word-s2|CAMeL-Lab/bert-base-arabic-camelbert-msa|reg|word|2|2e-5|0.0
camelbert-reg-word-s3|CAMeL-Lab/bert-base-arabic-camelbert-msa|reg|word|3|2e-5|0.0
camelbert-reg-word-s4|CAMeL-Lab/bert-base-arabic-camelbert-msa|reg|word|4|2e-5|0.0
arabertv2-ce-d3tok-s1|aubmindlab/bert-base-arabertv2|ce|d3tok|1|2e-5|0.0
arabertv2-ce-d3tok-s2|aubmindlab/bert-base-arabertv2|ce|d3tok|2|2e-5|0.0
arabertv2-ce-d3tok-s3|aubmindlab/bert-base-arabertv2|ce|d3tok|3|2e-5|0.0
arabertv2-ce-d3tok-s4|aubmindlab/bert-base-arabertv2|ce|d3tok|4|2e-5|0.0
arabertv02-focal-word-s1|aubmindlab/bert-base-arabertv02|focal|word|1|2e-5|0.0
arabertv02-focal-word-s2|aubmindlab/bert-base-arabertv02|focal|word|2|2e-5|0.0
arabertv02-focal-word-s3|aubmindlab/bert-base-arabertv02|focal|word|3|2e-5|0.0
arabertv02-focal-word-s4|aubmindlab/bert-base-arabertv02|focal|word|4|2e-5|0.0
marbert-ce-raw-s1|UBC-NLP/MARBERTv2|ce|raw|1|2e-5|0.0
marbert-ce-raw-s2|UBC-NLP/MARBERTv2|ce|raw|2|2e-5|0.0
marbert-ce-raw-s3|UBC-NLP/MARBERTv2|ce|raw|3|2e-5|0.0
marbert-ce-raw-s4|UBC-NLP/MARBERTv2|ce|raw|4|2e-5|0.0
arbertv2-ce-word-s1|UBC-NLP/ARBERTv2|ce|word|1|2e-5|0.0
arbertv2-ce-word-s2|UBC-NLP/ARBERTv2|ce|word|2|2e-5|0.0
arbertv2-ce-word-s3|UBC-NLP/ARBERTv2|ce|word|3|2e-5|0.0
arbertv2-ce-word-s4|UBC-NLP/ARBERTv2|ce|word|4|2e-5|0.0
arbertv2-reg-word-s1|UBC-NLP/ARBERTv2|reg|word|1|2e-5|0.0
arbertv2-reg-word-s2|UBC-NLP/ARBERTv2|reg|word|2|2e-5|0.0
arbertv2-reg-word-s3|UBC-NLP/ARBERTv2|reg|word|3|2e-5|0.0
arbertv2-reg-word-s4|UBC-NLP/ARBERTv2|reg|word|4|2e-5|0.0
camelca-ce-word-s1|CAMeL-Lab/bert-base-arabic-camelbert-ca|ce|word|1|2e-5|0.0
camelca-ce-word-s2|CAMeL-Lab/bert-base-arabic-camelbert-ca|ce|word|2|2e-5|0.0
camelca-ce-word-s3|CAMeL-Lab/bert-base-arabic-camelbert-ca|ce|word|3|2e-5|0.0
camelca-ce-word-s4|CAMeL-Lab/bert-base-arabic-camelbert-ca|ce|word|4|2e-5|0.0
camelca-reg-word-s1|CAMeL-Lab/bert-base-arabic-camelbert-ca|reg|word|1|2e-5|0.0
camelca-reg-word-s2|CAMeL-Lab/bert-base-arabic-camelbert-ca|reg|word|2|2e-5|0.0
camelca-reg-word-s3|CAMeL-Lab/bert-base-arabic-camelbert-ca|reg|word|3|2e-5|0.0
camelca-reg-word-s4|CAMeL-Lab/bert-base-arabic-camelbert-ca|reg|word|4|2e-5|0.0
qarib60-ce-raw-s1|ahmedabdelali/bert-base-qarib60_1970k|ce|raw|1|2e-5|0.0
qarib60-ce-raw-s2|ahmedabdelali/bert-base-qarib60_1970k|ce|raw|2|2e-5|0.0
qarib60-ce-raw-s3|ahmedabdelali/bert-base-qarib60_1970k|ce|raw|3|2e-5|0.0
qarib60-ce-raw-s4|ahmedabdelali/bert-base-qarib60_1970k|ce|raw|4|2e-5|0.0
mdeberta-reg-raw-s1|microsoft/mdeberta-v3-base|reg|raw|1|2e-5|0.0
mdeberta-reg-raw-s2|microsoft/mdeberta-v3-base|reg|raw|2|2e-5|0.0
mdeberta-reg-raw-s3|microsoft/mdeberta-v3-base|reg|raw|3|2e-5|0.0
mdeberta-reg-raw-s4|microsoft/mdeberta-v3-base|reg|raw|4|2e-5|0.0
xlmrL-reg-raw-s1|FacebookAI/xlm-roberta-large|reg|raw|1|1e-5|0.06
xlmrL-reg-raw-s2|FacebookAI/xlm-roberta-large|reg|raw|2|1e-5|0.06
xlmrL-reg-raw-s3|FacebookAI/xlm-roberta-large|reg|raw|3|1e-5|0.06
xlmrL-reg-raw-s4|FacebookAI/xlm-roberta-large|reg|raw|4|1e-5|0.06
arabertv2-softqwk-d3tok-s1|aubmindlab/bert-base-arabertv2|softqwk|d3tok|1|2e-5|0.0
arabertv2-softqwk-d3tok-s2|aubmindlab/bert-base-arabertv2|softqwk|d3tok|2|2e-5|0.0
arabertv2-softqwk-d3tok-s3|aubmindlab/bert-base-arabertv2|softqwk|d3tok|3|2e-5|0.0
alarge02-softqwk-word-s1|aubmindlab/bert-large-arabertv02|softqwk|word|1|1e-5|0.06
alarge02-softqwk-word-s2|aubmindlab/bert-large-arabertv02|softqwk|word|2|1e-5|0.06
alarge02-softqwk-word-s3|aubmindlab/bert-large-arabertv02|softqwk|word|3|1e-5|0.06
camelbert-softqwk-word-s1|CAMeL-Lab/bert-base-arabic-camelbert-msa|softqwk|word|1|2e-5|0.0
camelbert-softqwk-word-s2|CAMeL-Lab/bert-base-arabic-camelbert-msa|softqwk|word|2|2e-5|0.0
araelectra-softqwk-word-s1|aubmindlab/araelectra-base-discriminator|softqwk|word|1|2e-5|0.0
araelectra-softqwk-word-s2|aubmindlab/araelectra-base-discriminator|softqwk|word|2|2e-5|0.0
